PC,Cores,Tiempo Total,Tiempo Carga Taxis,Tiempo Carga Zonas,Tiempo Limpieza,Tiempo Consulta 1,Tiempo Consulta 2,Tiempo Consulta 3,Tiempo Consulta 4,Tiempo Consulta 5,Tiempo Consulta 6,Tiempo Consulta 7,Tiempo Consulta 8,Tiempo Consulta 9,Tiempo Consulta 10,Tiempo Consulta 11,Tiempo Consulta 12,Tiempo Consulta 13,Tiempo Consulta 14,Tiempo Consulta 15
PC 1 - Enrique,4 cores a 2.4GHz,268.7168040275574,4.319138765335083,0.39949703216552734,51.1372492313385,5.218959331512451,13.552701473236084,4.962954998016357,3.142751693725586,26.50700306892395,25.817111015319824,10.193368434906006,11.591110706329346,8.455673694610596,7.983159303665161,8.898573160171509,7.983234643936157,25.895622968673706,27.29871654510498,19.39095425605774
